{
    "observation.state": {
        "mean": [
            0.042086295783519745,
            -0.8785585761070251,
            -0.3534133732318878,
            -0.17677389085292816,
            -0.31929346919059753,
            1.3974562883377075,
            0.5387169718742371,
            0.014739230275154114,
            0.4770665168762207,
            -1.4301658868789673,
            1.0254006385803223,
            -1.4783480167388916,
            1.3489989042282104,
            0.5854634046554565,
            1.0682600736618042,
            -0.901833176612854,
            -0.12136610597372055,
            0.1982683688402176,
            0.0768701434135437,
            0.46052300930023193,
            0.40686145424842834,
            -1.5420804023742676,
            0.8244041204452515,
            0.6205820441246033,
            55.228633880615234,
            154.84295654296875,
            133.0,
            174.38568115234375,
            147.0,
            1398.6492919921875,
            995.3856811523438,
            997.3856811523438,
            999.6143188476562,
            1000.0,
            1000.0,
            331.38568115234375,
            65288.6796875,
            65348.69921875,
            40259.74609375,
            65403.765625,
            35.42730712890625,
            64412.30859375,
            59.6531982421875,
            394.68896484375,
            432.5060729980469,
            449.4994201660156,
            478.0972900390625,
            1191.1993408203125,
            992.57568359375,
            876.93701171875,
            858.349609375,
            872.17724609375,
            887.2240600585938,
            436.9065246582031,
            2162.602783203125,
            53724.59375,
            54282.1328125,
            54887.62890625,
            47154.32421875,
            53708.58203125
        ],
        "std": [
            0.00398013461381197,
            0.003256508382037282,
            0.0011428688885644078,
            0.00037641183007508516,
            0.00015206132957246155,
            0.00021347760048229247,
            0.0006329091847874224,
            0.002169555751606822,
            0.001345102209597826,
            0.0032932288013398647,
            0.0024278638884425163,
            0.0036813837941735983,
            0.11855139583349228,
            0.28884732723236084,
            0.38562580943107605,
            1.087472915649414,
            0.4652121663093567,
            1.209544062614441,
            0.045306459069252014,
            0.05232596397399902,
            0.09585106372833252,
            0.25715169310569763,
            0.39380186796188354,
            0.30556347966194153,
            0.973503589630127,
            1.4601361751556396,
            0.0,
            0.48675185441970825,
            0.0,
            0.48805204033851624,
            0.48675185441970825,
            0.48675185441970825,
            0.48675185441970825,
            0.0,
            0.0,
            0.48675185441970825,
            20.77692222595215,
            7.301216125488281,
            31869.67578125,
            25.77393341064453,
            19.470516204833984,
            24.973142623901367,
            6.039628028869629,
            276.73614501953125,
            302.2051696777344,
            381.4477233886719,
            425.5982971191406,
            265.2601013183594,
            3.1496851444244385,
            163.61697387695312,
            185.2076873779297,
            235.04864501953125,
            253.71116638183594,
            183.82293701171875,
            4466.73291015625,
            22721.08984375,
            22329.970703125,
            22780.84765625,
            28977.1015625,
            22976.525390625
        ],
        "min": [
            0.036627549678087234,
            -0.8813645839691162,
            -0.35509005188941956,
            -0.17811214923858643,
            -0.320085346698761,
            1.3971517086029053,
            0.5378620028495789,
            0.011711999773979187,
            0.4758090078830719,
            -1.433273434638977,
            1.0229380130767822,
            -1.4847772121429443,
            0.9334877133369446,
            0.08636004477739334,
            -0.08667415380477905,
            -2.2250146865844727,
            -0.9559633731842041,
            -3.543745994567871,
            -0.09785500168800354,
            0.32813000679016113,
            0.19197200238704681,
            -2.1277401447296143,
            -0.09134545177221298,
            -0.16103629767894745,
            54.0,
            153.0,
            133.0,
            174.0,
            147.0,
            1398.0,
            995.0,
            997.0,
            999.0,
            1000.0,
            1000.0,
            331.0,
            65266.0,
            65356.0,
            40.0,
            65376.0,
            20.0,
            64376.0,
            39.0,
            164.0,
            185.0,
            227.0,
            274.0,
            402.0,
            914.0,
            1.0,
            2.0,
            0.0,
            15.0,
            237.0,
            0.0,
            0.0,
            0.0,
            0.0,
            0.0,
            0.0
        ],
        "max": [
            0.04585859924554825,
            -0.8742449879646301,
            -0.3519490659236908,
            -0.173714742064476,
            -0.31900346279144287,
            1.3976926803588867,
            0.5393170118331909,
            0.016871999949216843,
            0.47916799783706665,
            -1.424795389175415,
            1.0295193195343018,
            -1.4724609851837158,
            1.802166223526001,
            1.2242395877838135,
            1.9137938022613525,
            3.0529472827911377,
            1.2803065776824951,
            1.4221924543380737,
            0.16760699450969696,
            0.568606972694397,
            0.6513230204582214,
            -0.8480647802352905,
            1.801142692565918,
            1.7144521474838257,
            56.0,
            156.0,
            133.0,
            175.0,
            147.0,
            1399.0,
            996.0,
            998.0,
            1000.0,
            1000.0,
            1000.0,
            332.0,
            65306.0,
            65356.0,
            65516.0,
            65426.0,
            60.0,
            64426.0,
            210.0,
            1891.0,
            1896.0,
            1925.0,
            1998.0,
            1479.0,
            1000.0,
            1000.0,
            1000.0,
            1000.0,
            1000.0,
            984.0,
            19220.0,
            65526.0,
            65506.0,
            65516.0,
            65526.0,
            65516.0
        ],